ano_edicao,grupo,selecao
1990,A,França
1990,A,URSS
1990,A,Camarões
1990,A,China
1990,B,Brasil
1990,B,Polônia
1990,B,Costa Rica
1990,B,Tunísia
1990,C,Alemanha
1990,C,Bélgica
1990,C,Chile
1990,C,África do Sul
1990,D,Holanda
1990,D,México
1990,D,Estados Unidos
1990,D,Arábia Saudita
1990,E,Espanha
1990,E,Tchecoslováquia
1990,E,Marrocos
1990,E,Nova Zelândia
1990,F,Argentina
1990,F,Uruguai
1990,F,Nigéria
1990,F,Austrália
1990,G,Inglaterra
1990,G,Iugoslávia
1990,G,Egito
1990,G,Coreia do Sul
1990,H,Itália
1990,H,Portugal
1990,H,Colômbia
1990,H,Japão
1991,A,Inglaterra
1991,A,Chile
1991,A,Dinamarca
1991,A,Zimbábue
1991,B,Uruguai
1991,B,Bélgica
1991,B,Austrália
1991,B,Irã
1991,C,Itália
1991,C,Tchecoslováquia
1991,C,Argélia
1991,C,Suécia
1991,D,Alemanha
1991,D,Polônia
1991,D,Canadá
1991,D,Nova Zelândia
1991,E,Brasil
1991,E,Argentina
1991,E,Etiópia
1991,E,Paraguai
1991,F,Espanha
1991,F,México
1991,F,Coreia do Sul
1991,F,Japão
1991,G,França
1991,G,Egito
1991,G,Tunísia
1991,G,Kuwait
1991,H,Holanda
1991,H,Camarões
1991,H,El Salvador
1991,H,Peru
