ano_edicao,fase,grupo,data,cidade,estadio,selecao_casa,selecao_visitante,gols_casa,gols_visitante,gols_prorrogacao_casa,gols_prorrogacao_visitante,penaltis_casa,penaltis_visitante,publico
1990,grupos,A,,Paris,,França,URSS,2,0,,,,,
1990,grupos,A,,Lille,,Camarões,China,2,1,,,,,
1990,grupos,A,,Marselha,,França,Camarões,3,1,,,,,
1990,grupos,A,,Lyon,,URSS,China,1,0,,,,,
1990,grupos,A,,,,França,China,5,0,,,,,
1990,grupos,A,,,,URSS,Camarões,2,1,,,,,
1990,grupos,B,,Bordeaux,,Brasil,Polônia,1,1,,,,,
1990,grupos,B,,Lyon,,Costa Rica,Tunísia,0,1,,,,,
1990,grupos,B,,Lille,,Brasil,Costa Rica,2,0,,,,,
1990,grupos,B,,Paris,,Polônia,Tunísia,1,0,,,,,
1990,grupos,B,,,,Brasil,Tunísia,2,0,,,,,
1990,grupos,B,,,,Polônia,Costa Rica,1,1,,,,,
1990,grupos,C,,Marselha,,Alemanha,Bélgica,3,1,,,,,
1990,grupos,C,,Nantes,,Chile,África do Sul,2,0,,,,,
1990,grupos,C,,Bordeaux,,Alemanha,Chile,2,0,,,,,
1990,grupos,C,,Nice,,Bélgica,África do Sul,3,1,,,,,
1990,grupos,C,,,,Alemanha,África do Sul,3,0,,,,,
1990,grupos,C,,,,Bélgica,Chile,1,2,,,,,
1990,grupos,D,,Nice,,Holanda,México,2,1,,,,,
1990,grupos,D,,Saint Etienne,,Estados Unidos,Arábia Saudita,1,1,,,,,
1990,grupos,D,,,,Holanda,Estados Unidos,1,0,,,,,
1990,grupos,D,,,,México,Arábia Saudita,2,0,,,,,
1990,grupos,D,,,,Holanda,Arábia Saudita,2,0,,,,,
1990,grupos,D,,,,México,Estados Unidos,1,0,,,,,
1990,grupos,E,,Paris,,Espanha,Tchecoslováquia,2,0,,,,,
1990,grupos,E,,Bordeaux,,Marrocos,Nova Zelândia,1,0,,,,,
1990,grupos,E,,,,Espanha,Marrocos,2,0,,,,,
1990,grupos,E,,,,Tchecoslováquia,Nova Zelândia,1,0,,,,,
1990,grupos,E,,,,Espanha,Nova Zelândia,2,1,,,,,
1990,grupos,E,,,,Tchecoslováquia,Marrocos,1,0,,,,,
1990,grupos,F,,Lyon,,Argentina,Uruguai,1,1,,,,,
1990,grupos,F,,Lille,,Nigéria,Austrália,2,1,,,,,
1990,grupos,F,,,,Argentina,Nigéria,2,0,,,,,
1990,grupos,F,,,,Uruguai,Austrália,3,0,,,,,
1990,grupos,F,,,,Argentina,Austrália,1,1,,,,,
1990,grupos,F,,,,Uruguai,Nigéria,2,0,,,,,
1990,grupos,G,,Marselha,,Inglaterra,Iugoslávia,1,1,,,,,
1990,grupos,G,,Nantes,,Egito,Coreia do Sul,2,0,,,,,
1990,grupos,G,,,,Inglaterra,Egito,2,0,,,,,
1990,grupos,G,,,,Iugoslávia,Coreia do Sul,4,1,,,,,
1990,grupos,G,,,,Inglaterra,Coreia do Sul,1,0,,,,,
1990,grupos,G,,,,Iugoslávia,Egito,3,3,,,,,
1990,grupos,H,,Saint Etienne,,Itália,Portugal,1,0,,,,,
1990,grupos,H,,Nice,,Colômbia,Japão,3,0,,,,,
1990,grupos,H,,,,Itália,Colômbia,1,1,,,,,
1990,grupos,H,,,,Portugal,Japão,2,1,,,,,
1990,grupos,H,,,,Itália,Japão,2,0,,,,,
1990,grupos,H,,,,Colômbia,Portugal,1,1,,,,,
1990,oitavas,,,,,França,Polônia,1,0,,,,,
1990,oitavas,,,,,Alemanha,México,3,1,,,,,
1990,oitavas,,,,,Espanha,Argentina,1,0,,,,,
1990,oitavas,,,,,Inglaterra,Colômbia,4,2,,,,,
1990,oitavas,,,,,Brasil,URSS,2,1,,,,,
1990,oitavas,,,,,Holanda,Chile,2,0,,,,,
1990,oitavas,,,,,Uruguai,Tchecoslováquia,1,1,,,4,3,
1990,oitavas,,,,,Itália,Iugoslávia,1,0,,,,,
1990,quartas,,,,,França,Alemanha,1,1,,,4,2,
1990,quartas,,,,,Espanha,Inglaterra,0,3,,,,,
1990,quartas,,,,,Brasil,Holanda,2,1,,,,,
1990,quartas,,,,,Uruguai,Itália,0,2,,,,,
1990,semifinal,,,,,França,Inglaterra,1,0,,,,,
1990,semifinal,,,,,Brasil,Itália,0,0,,,9,8,
1990,terceiro_lugar,,,,,Inglaterra,Itália,1,3,,,,,
1990,final,,,,,França,Brasil,1,2,,,,,
1991,grupos,A,,,,Itália,Polônia,1,0,,,,,
1991,grupos,A,,,,El Salvador,Zimbábue,3,2,,,,,
1991,grupos,A,,,,Itália,El Salvador,4,0,,,,,
1991,grupos,A,,,,Polônia,Zimbábue,4,2,,,,,
1991,grupos,A,,,,Itália,Zimbábue,2,1,,,,,
1991,grupos,A,,,,Polônia,El Salvador,3,0,,,,,
1991,grupos,B,,,,Brasil,Bélgica,2,0,,,,,
1991,grupos,B,,,,Etiópia,Irã,1,3,,,,,
1991,grupos,B,,,,Brasil,Etiópia,2,0,,,,,
1991,grupos,B,,,,Bélgica,Irã,1,0,,,,,
1991,grupos,B,,,,Brasil,Irã,2,0,,,,,
1991,grupos,B,,,,Bélgica,Etiópia,2,1,,,,,
1991,grupos,C,,,,Holanda,Chile,1,0,,,,,
1991,grupos,C,,,,Austrália,Suécia,2,2,,,,,
1991,grupos,C,,,,Holanda,Austrália,3,2,,,,,
1991,grupos,C,,,,Chile,Suécia,0,1,,,,,
1991,grupos,C,,,,Holanda,Suécia,1,1,,,,,
1991,grupos,C,,,,Chile,Austrália,0,2,,,,,
1991,grupos,D,,,,Uruguai,Egito,1,0,,,,,
1991,grupos,D,,,,Dinamarca,Nova Zelândia,1,1,,,,,
1991,grupos,D,,,,Uruguai,Dinamarca,1,1,,,,,
1991,grupos,D,,,,Egito,Nova Zelândia,2,1,,,,,
1991,grupos,D,,,,Uruguai,Nova Zelândia,2,0,,,,,
1991,grupos,D,,,,Egito,Dinamarca,0,1,,,,,
1991,grupos,E,,,,França,México,1,1,,,,,
1991,grupos,E,,,,Coreia do Sul,Paraguai,1,0,,,,,
1991,grupos,E,,,,França,Coreia do Sul,2,0,,,,,
1991,grupos,E,,,,México,Paraguai,1,0,,,,,
1991,grupos,E,,,,França,Paraguai,1,1,,,,,
1991,grupos,E,,,,México,Coreia do Sul,3,1,,,,,
1991,grupos,F,,,,Alemanha,Argentina,2,1,,,,,
1991,grupos,F,,,,Tunísia,Japão,1,0,,,,,
1991,grupos,F,,,,Alemanha,Tunísia,3,0,,,,,
1991,grupos,F,,,,Argentina,Japão,2,0,,,,,
1991,grupos,F,,,,Alemanha,Japão,4,1,,,,,
1991,grupos,F,,,,Argentina,Tunísia,1,1,,,,,
1991,grupos,G,,,,Inglaterra,Camarões,1,1,,,,,
1991,grupos,G,,,,Canadá,Kuwait,4,7,,,,,
1991,grupos,G,,,,Inglaterra,Canadá,4,0,,,,,
1991,grupos,G,,,,Camarões,Kuwait,5,2,,,,,
1991,grupos,G,,,,Inglaterra,Kuwait,6,0,,,,,
1991,grupos,G,,,,Camarões,Canadá,4,3,,,,,
1991,grupos,H,,,,Espanha,Tchecoslováquia,1,1,,,,,
1991,grupos,H,,,,Argélia,Peru,2,0,,,,,
1991,grupos,H,,,,Espanha,Argélia,1,0,,,,,
1991,grupos,H,,,,Tchecoslováquia,Peru,2,2,,,,,
1991,grupos,H,,,,Espanha,Peru,2,0,,,,,
1991,grupos,H,,,,Tchecoslováquia,Argélia,3,1,,,,,
1991,oitavas,,,,,Itália,Bélgica,1,0,,,,,
1991,oitavas,,,,,Holanda,Dinamarca,5,2,,,,,
1991,oitavas,,,,,México,Argentina,0,1,,,,,
1991,oitavas,,,,,Inglaterra,Tchecoslováquia,2,1,,,,,
1991,oitavas,,,,,Brasil,Polônia,2,1,,,,,
1991,oitavas,,,,,Uruguai,Suécia,2,0,,,,,
1991,oitavas,,,,,Alemanha,França,2,2,,,4,5,
1991,oitavas,,,,,Espanha,Camarões,2,0,,,,,
1991,quartas,,,,,Itália,Holanda,2,0,,,,,
1991,quartas,,,,,Argentina,Inglaterra,1,2,,,,,
1991,quartas,,,,,Brasil,Uruguai,1,0,,,,,
1991,quartas,,,,,França,Espanha,2,0,,,,,
1991,semifinal,,,,,Itália,Inglaterra,1,1,,,4,3,
1991,semifinal,,,,,Brasil,França,1,3,,,,,
1991,terceiro_lugar,,,,,Inglaterra,Brasil,1,0,,,,,
1991,final,,,,,Itália,França,3,1,,,,,
1992,grupos,A,,,,Suíça,Polônia,2,2,,,,,
1992,grupos,A,,,,África do Sul,Irlanda,2,1,,,,,
1992,grupos,A,,,,Suíça,África do Sul,1,0,,,,,
1992,grupos,A,,,,Polônia,Irlanda,1,1,,,,,
1992,grupos,A,,,,Suíça,Irlanda,2,1,,,,,
1992,grupos,A,,,,Polônia,África do Sul,2,0,,,,,
1992,grupos,B,,,,Itália,México,2,0,,,,,
1992,grupos,B,,,,Áustria,Emirados Árabes,4,0,,,,,
1992,grupos,B,,,,Itália,Áustria,3,1,,,,,
1992,grupos,B,,,,México,Emirados Árabes,3,2,,,,,
1992,grupos,B,,,,Itália,Emirados Árabes,1,0,,,,,
1992,grupos,B,,,,México,Áustria,2,2,,,,,
1992,grupos,C,,,,França,Suécia,3,1,,,,,
1992,grupos,C,,,,Canadá,Quênia,3,1,,,,,
1992,grupos,C,,,,França,Canadá,4,1,,,,,
1992,grupos,C,,,,Suécia,Quênia,4,3,,,,,
1992,grupos,C,,,,França,Quênia,3,0,,,,,
1992,grupos,C,,,,Suécia,Canadá,4,2,,,,,
1992,grupos,D,,,,Brasil,Egito,2,1,,,,,
1992,grupos,D,,,,Nova Zelândia,Hungria,1,1,,,,,
1992,grupos,D,,,,Brasil,Nova Zelândia,4,0,,,,,
1992,grupos,D,,,,Egito,Hungria,1,1,,,,,
1992,grupos,D,,,,Brasil,Hungria,1,1,,,,,
1992,grupos,D,,,,Egito,Nova Zelândia,1,1,,,,,
1992,grupos,E,,,,Uruguai,Camarões,1,1,,,,,
1992,grupos,E,,,,Irã,Omã,2,0,,,,,
1992,grupos,E,,,,Uruguai,Irã,1,0,,,,,
1992,grupos,E,,,,Camarões,Omã,2,0,,,,,
1992,grupos,E,,,,Uruguai,Omã,5,0,,,,,
1992,grupos,E,,,,Camarões,Irã,1,1,,,,,
1992,grupos,F,,,,Inglaterra,Austrália,2,0,,,,,
1992,grupos,F,,,,Nigéria,Líbia,3,0,,,,,
1992,grupos,F,,,,Inglaterra,Nigéria,2,1,,,,,
1992,grupos,F,,,,Austrália,Líbia,2,0,,,,,
1992,grupos,F,,,,Inglaterra,Líbia,2,0,,,,,
1992,grupos,F,,,,Austrália,Nigéria,1,2,,,,,
1992,grupos,G,,,,Alemanha,Dinamarca,2,0,,,,,
1992,grupos,G,,,,Paraguai,Guatemala,2,0,,,,,
1992,grupos,G,,,,Alemanha,Paraguai,2,0,,,,,
1992,grupos,G,,,,Dinamarca,Guatemala,5,1,,,,,
1992,grupos,G,,,,Alemanha,Guatemala,2,0,,,,,
1992,grupos,G,,,,Dinamarca,Paraguai,1,1,,,,,
1992,grupos,H,,,,Espanha,Argentina,2,1,,,,,
1992,grupos,H,,,,Bolívia,Japão,0,2,,,,,
1992,grupos,H,,,,Espanha,Bolívia,2,1,,,,,
1992,grupos,H,,,,Argentina,Japão,1,0,,,,,
1992,grupos,H,,,,Espanha,Japão,1,1,,,,,
1992,grupos,H,,,,Argentina,Bolívia,3,1,,,,,
