ano_edicao,pote,selecao
1990,1,França
1990,1,Itália
1990,1,Alemanha
1990,1,Inglaterra
1990,1,Brasil
1990,1,Espanha
1990,1,Holanda
1990,1,Argentina
1990,2,Portugal
1990,2,Uruguai
1990,2,Bélgica
1990,2,Polônia
1990,2,Tchecoslováquia
1990,2,URSS
1990,2,Iugoslávia
1990,2,México
1990,3,Estados Unidos
1990,3,Costa Rica
1990,3,Chile
1990,3,Colômbia
1990,3,Nigéria
1990,3,Egito
1990,3,Camarões
1990,3,Marrocos
1990,4,Túnisia
1990,4,África do Sul
1990,4,Japão
1990,4,Coreia do Sul
1990,4,China
1990,4,Austrália
1990,4,Nova Zelândia
1990,4,Arábia Saudita
