ano_referencia,selecao,pontos,jogos,vitorias,empates,derrotas
1992,Itália,36,14,11,3,0
1992,Brasil,32,14,10,2,2
1992,Inglaterra,30,14,9,3,2
1992,França,28,14,8,4,2
1992,Alemanha,23,9,7,2,0
1992,Espanha,22,10,7,1,2
1992,Holanda,22,10,7,1,2
1992,Uruguai,18,10,5,3,2
1992,México,13,8,4,1,3
1992,Argentina,12,9,3,3,3
1992,Tchecoslováquia,12,8,3,3,2
1992,Polônia,11,8,3,2,3
1992,Camarões,10,7,3,1,3
1992,Bélgica,9,7,3,0,4
1992,Egito,7,6,2,1,3
1992,Tunísia,7,6,2,1,3
1992,Chile,6,7,2,0,5
1992,URSS,6,4,2,0,2
1992,Austrália,5,6,1,2,3
1992,Colômbia,5,4,1,2,1
1992,Dinamarca,5,4,1,2,1
1992,Iugoslávia,5,4,1,2,1
1992,Suécia,5,4,1,2,1
1992,Portugal,4,3,1,1,1
1992,Argélia,3,3,1,0,2
1992,Coreia do Sul,3,6,1,0,5
1992,El Salvador,3,3,1,0,2
1992,Irã,3,3,1,0,2
1992,Kuwait,3,3,1,0,2
1992,Marrocos,3,3,1,0,2
1992,Nigéria,3,3,1,0,2
1992,Arábia Saudita,1,3,0,1,2
1992,Costa Rica,1,3,0,1,2
1992,Estados Unidos,1,3,0,1,2
1992,Nova Zelândia,1,6,0,1,5
1992,Paraguai,1,3,0,1,2
1992,Peru,1,3,0,1,2
1992,Canadá,0,3,0,0,3
1992,China,0,3,0,0,3
1992,Etiópia,0,3,0,0,3
1992,Japão,0,6,0,0,6
1992,Zimbábue,0,3,0,0,3
1992,África do Sul,0,3,0,0,3
