nome,confederacao,codigo_fifa
França,UEFA,FRA
Itália,UEFA,ITA
Alemanha,UEFA,GER
Inglaterra,UEFA,ENG
Brasil,CONMEBOL,BRA
Espanha,UEFA,ESP
Holanda,UEFA,NED
Argentina,CONMEBOL,ARG
Portugal,UEFA,POR
Uruguai,CONMEBOL,URU
Bélgica,UEFA,BEL
Polônia,UEFA,POL
Tchecoslováquia,UEFA,TCH
URSS,UEFA,URS
Iugoslávia,UEFA,YUG
México,CONCACAF,MEX
Estados Unidos,CONCACAF,USA
Costa Rica,CONCACAF,CRC
Chile,CONMEBOL,CHI
Colômbia,CONMEBOL,COL
Nigéria,CAF,NGA
Egito,CAF,EGY
Camarões,CAF,CMR
Marrocos,CAF,MAR
Tunísia,CAF,TUN
África do Sul,CAF,RSA
Japão,AFC,JPN
Coreia do Sul,AFC,KOR
China,AFC,CHN
Austrália,OFC,AUS
Nova Zelândia,OFC,NZL
Arábia Saudita,AFC,KSA
Suécia,UEFA,SWE
Dinamarca,UEFA,DEN
Canadá,CONCACAF,CAN
Paraguai,CONMEBOL,PAR
El Salvador,CONCACAF,SLV
Peru,CONMEBOL,PER
Zimbábue,CAF,ZIM
Argélia,CAF,ALG
Etiópia,CAF,ETH
Kuwait,AFC,KUW
Irã,AFC,IRN
